{"all": {"nr_proposals": [5.813306756189677, 11.626613512379354, 17.43992026856903, 23.253227024758708, 29.066533780948387, 34.87984053713806, 40.69314729332774, 46.506454049517416, 52.31976080570709, 58.13306756189677, 63.94637431808645, 69.75968107427612, 75.5729878304658, 81.38629458665548, 87.19960134284516, 93.01290809903483, 98.82621485522452, 104.63952161141418, 110.45282836760386, 116.26613512379355, 122.07944187998321, 127.8927486361729, 133.70605539236257, 139.51936214855223, 145.33266890474192, 151.1459756609316, 156.95928241712127, 162.77258917331096, 168.58589592950062, 174.3992026856903, 180.21250944187997, 186.02581619806966, 191.83912295425935, 197.65242971044904, 203.46573646663867, 209.27904322282836, 215.09234997901805, 220.9056567352077, 226.7189634913974, 232.5322702475871, 238.34557700377673, 244.15888375996641, 249.9721905161561, 255.7854972723458, 261.5988040285355, 267.41211078472514, 273.2254175409148, 279.03872429710447, 284.8520310532942, 290.66533780948384, 296.4786445656735, 302.2919513218632, 308.1052580780529, 313.91856483424255, 319.73187159043226, 325.5451783466219, 331.3584851028115, 337.17179185900125, 342.9850986151909, 348.7984053713806, 354.6117121275703, 360.42501888375995, 366.23832563994966, 372.0516323961393, 377.864939152329, 383.6782459085187, 389.49155266470837, 395.3048594208981, 401.1181661770877, 406.93147293327735, 412.74477968946707, 418.5580864456567, 424.3713932018464, 430.1846999580361, 435.99800671422577, 441.8113134704154, 447.62462022660515, 453.4379269827948, 459.25123373898447, 465.0645404951742, 470.87784725136385, 476.69115400755345, 482.50446076374317, 488.31776751993283, 494.13107427612255, 499.9443810323122, 505.75768778850187, 511.5709945446916, 517.3843013008812, 523.197608057071, 529.0109148132606, 534.8242215694503, 540.63752832564, 546.4508350818296, 552.2641418380193, 558.0774485942089, 563.8907553503986, 569.7040621065884, 575.517368862778, 581.3306756189677], "average_recall": [0.010837013349576164, 0.019719811177097604, 0.029516268209735554, 0.03966803715547434, 0.047510278666057566, 0.05530176133191209, 0.06342317648850314, 0.06999644688086898, 0.07590985229176182, 0.08187401654738338, 0.08865032231866404, 0.09324399776661085, 0.10019795949444191, 0.10509618801076087, 0.10994365768235115, 0.11451195370793363, 0.11801431399421349, 0.12245571290797423, 0.1259073143495254, 0.1312623724684026, 0.13565301253743464, 0.13839399015278414, 0.14184559159433532, 0.14517029592406477, 0.1484696208314299, 0.15176894573879499, 0.15397695548449317, 0.15582965331709053, 0.1583675955535252, 0.1605756052992234, 0.16379879193949545, 0.16547383381554234, 0.1679863966296127, 0.16945840312674482, 0.17103192731333436, 0.17362062839449774, 0.1760316735191107, 0.1777067153951576, 0.1791787218922897, 0.18161514643926704, 0.18293487640221312, 0.18488909192426783, 0.18686868686868688, 0.1883914522105477, 0.1900157352418659, 0.19214760672047104, 0.19372113090706053, 0.195142378559464, 0.1964367291000457, 0.19795949444190644, 0.1986954976904725, 0.20026902187706205, 0.20181716664128724, 0.20321303487132633, 0.20440586772245065, 0.20570021826303234, 0.2061316684432262, 0.20709608649307143, 0.2082127810771027, 0.209405613928227, 0.2103446525557078, 0.21120755291609558, 0.21290797421450688, 0.21432922186691036, 0.21524288107202683, 0.21602964316532158, 0.21674026699152327, 0.21803461753210496, 0.21912593269377184, 0.2201918684330745, 0.22080097456981876, 0.22186691030912134, 0.2228820872036952, 0.22354195218516829, 0.22514085579412216, 0.22572458250850208, 0.22714583016090553, 0.22788183340947157, 0.2287954926145881, 0.23021674026699152, 0.23095274351555758, 0.23206943809958885, 0.23374447997563574, 0.23425206842292268, 0.2355971778082331, 0.23592711029896957, 0.23668849296990005, 0.23783056697629565, 0.2384650525354043, 0.2399116796101721, 0.24049540632455202, 0.24171361859804066, 0.24285569260443635, 0.24328714278463026, 0.24447997563575455, 0.24549515253032841, 0.24661184711435968, 0.24757626516420483, 0.24828688899040652, 0.2505456575808335]}, "turn-tap": {"nr_proposals": [10, 20, 30, 32, 40, 50, 60, 70, 80, 90, 95, 100, 110, 150, 200, 270], "average_recall": [0.055, 0.12, 0.18, 0.18, 0.21, 0.24, 0.28, 0.31, 0.34, 0.36, 0.37, 0.39, 0.4, 0.45, 0.48, 0.51]}, "cap-thumos14": {"nr_proposals": [5.813306756189677, 11.626613512379354, 17.43992026856903, 23.253227024758708, 29.066533780948387, 34.87984053713806, 40.69314729332774, 46.506454049517416, 52.31976080570709, 58.13306756189677, 63.94637431808645, 69.75968107427612, 75.5729878304658, 81.38629458665548, 87.19960134284516, 93.01290809903483, 98.82621485522452, 104.63952161141418, 110.45282836760386, 116.26613512379355, 122.07944187998321, 127.8927486361729, 133.70605539236257, 139.51936214855223, 145.33266890474192, 151.1459756609316, 156.95928241712127, 162.77258917331096, 168.58589592950062, 174.3992026856903, 180.21250944187997, 186.02581619806966, 191.83912295425935, 197.65242971044904, 203.46573646663867, 209.27904322282836, 215.09234997901805, 220.9056567352077, 226.7189634913974, 232.5322702475871, 238.34557700377673, 244.15888375996641, 249.9721905161561, 255.7854972723458, 261.5988040285355, 267.41211078472514, 273.2254175409148, 279.03872429710447, 284.8520310532942, 290.66533780948384, 296.4786445656735, 302.2919513218632, 308.1052580780529, 313.91856483424255, 319.73187159043226, 325.5451783466219, 331.3584851028115, 337.17179185900125, 342.9850986151909, 348.7984053713806, 354.6117121275703, 360.42501888375995, 366.23832563994966, 372.0516323961393, 377.864939152329, 383.6782459085187, 389.49155266470837, 395.3048594208981, 401.1181661770877, 406.93147293327735, 412.74477968946707, 418.5580864456567, 424.3713932018464, 430.1846999580361, 435.99800671422577, 441.8113134704154, 447.62462022660515, 453.4379269827948, 459.25123373898447, 465.0645404951742, 470.87784725136385, 476.69115400755345, 482.50446076374317, 488.31776751993283, 494.13107427612255, 499.9443810323122, 505.75768778850187, 511.5709945446916, 517.3843013008812, 523.197608057071, 529.0109148132606, 534.8242215694503, 540.63752832564, 546.4508350818296, 552.2641418380193, 558.0774485942089, 563.8907553503986, 569.7040621065884, 575.517368862778, 581.3306756189677],